City_ID,City,Country,Date,Lat,Lng,Max Temp,Humidity,Cloudiness,Wind Speed
0,Ushuaia,AR,2022-09-27 23:29:47,-54.8,-68.3,44.26,76,75,27.63
1,Jamestown,US,2022-09-27 23:29:47,42.097,-79.2353,54.99,77,100,8.05
2,San Cristobal,VE,2022-09-27 23:29:48,7.7669,-72.225,71.4,85,97,2.44
3,Rikitea,PF,2022-09-27 23:29:48,-23.1203,-134.9692,69.78,58,64,8.39
4,Vila Franca Do Campo,PT,2022-09-27 23:29:49,37.7167,-25.4333,68.2,80,22,9.44
5,Nikolskoye,RU,2022-09-27 23:29:49,59.7035,30.7861,42.69,97,10,4.41
6,Haines Junction,CA,2022-09-27 23:29:50,60.7522,-137.5108,53.55,37,77,10.36
7,Avera,US,2022-09-27 23:29:50,33.194,-82.5271,73.45,28,75,7.54
8,Chaska,US,2022-09-27 23:26:34,44.7894,-93.6022,58.8,40,0,10.36
9,Tuatapere,NZ,2022-09-27 23:29:51,-46.1333,167.6833,58.37,65,55,0.85
10,Ribeira Grande,PT,2022-09-27 23:29:51,38.5167,-28.7,70.54,65,74,11.23
11,Bluff,NZ,2022-09-27 23:29:52,-46.6,168.3333,55.33,80,62,0.96
12,Onega,RU,2022-09-27 23:29:53,63.9061,38.1404,42.71,87,100,7.05
13,Yar-Sale,RU,2022-09-27 23:29:53,66.8333,70.8333,28.36,87,97,10.58
14,Aksay,RU,2022-09-27 23:29:54,47.26,39.87,70.25,32,100,5.99
15,Kapaa,US,2022-09-27 23:28:06,22.0752,-159.319,85.98,64,0,11.5
16,Pisco,PE,2022-09-27 23:29:55,-13.7,-76.2167,62.65,72,0,16.11
17,Porto Walter,BR,2022-09-27 23:29:55,-8.2686,-72.7439,82.83,57,61,2.42
18,Punta Arenas,CL,2022-09-27 23:27:44,-53.15,-70.9167,48.31,61,40,23.02
19,Matara,LK,2022-09-27 23:29:56,5.9485,80.5353,77.38,88,89,11.07
20,Mokobeng,BW,2022-09-27 23:29:57,-22.9965,27.6678,74.82,39,1,14.74
21,Busselton,AU,2022-09-27 23:29:58,-33.65,115.3333,51.82,91,38,8.88
22,Qasigiannguit,GL,2022-09-27 23:29:58,68.8193,-51.1922,41.25,98,84,0.89
23,Albany,US,2022-09-27 23:29:59,42.6001,-73.9662,58.64,85,54,6.49
24,Robe,AU,2022-09-27 23:29:59,-37.1833,139.75,54.52,79,10,16.42
25,Rognan,NO,2022-09-27 23:29:59,67.0953,15.3878,50.88,85,42,8.01
26,Port Alfred,ZA,2022-09-27 23:30:00,-33.5906,26.891,65.17,99,100,5.99
27,Hermanus,ZA,2022-09-27 23:30:01,-34.4187,19.2345,47.8,83,3,6.89
28,Carnarvon,AU,2022-09-27 23:30:01,-24.8667,113.6333,69.87,31,1,11.21
29,Ibra,OM,2022-09-27 23:30:02,22.6906,58.5334,75.36,72,3,4.18
30,Castro,BR,2022-09-27 23:30:03,-24.7911,-50.0119,58.21,95,100,11.05
31,Vila Velha,BR,2022-09-27 23:30:03,-20.3297,-40.2925,76.95,94,100,8.01
32,Tyumentsevo,RU,2022-09-27 23:30:04,53.3224,81.498,45.23,84,100,15.28
33,Faya,SA,2022-09-27 23:30:04,18.3851,42.4509,64.51,29,0,3.29
34,Mataura,NZ,2022-09-27 23:30:05,-46.1927,168.8643,64.0,55,43,3.13
35,Mahebourg,MU,2022-09-27 23:30:06,-20.4081,57.7,71.26,64,40,11.5
36,Nantucket,US,2022-09-27 23:25:53,41.2835,-70.0995,66.25,65,0,9.22
37,Dunedin,NZ,2022-09-27 23:30:06,-45.8742,170.5036,59.81,70,57,3.0
38,Isangel,VU,2022-09-27 23:30:07,-19.55,169.2667,84.31,70,20,9.22
39,Atar,MR,2022-09-27 23:30:08,20.5169,-13.0499,94.26,35,67,4.85
40,Saint-Leu,RE,2022-09-27 23:30:09,-21.15,55.2833,67.06,69,24,2.77
41,Qaanaaq,GL,2022-09-27 23:30:09,77.484,-69.3632,30.13,97,99,4.74
42,Raudeberg,NO,2022-09-27 23:30:10,61.9875,5.1352,54.86,67,100,5.46
43,Maues,BR,2022-09-27 23:30:10,-3.3836,-57.7186,84.11,51,69,2.28
44,Mar Del Plata,AR,2022-09-27 23:30:11,-38.0023,-57.5575,51.1,64,0,8.05
45,Marsh Harbour,BS,2022-09-27 23:30:11,26.5412,-77.0636,81.03,81,100,10.76
46,Chuy,UY,2022-09-27 23:30:12,-33.6971,-53.4616,53.82,94,3,6.62
47,Vaini,TO,2022-09-27 23:31:12,-21.2,-175.2,78.96,83,20,3.44
48,Cayenne,GF,2022-09-27 23:31:13,4.9333,-52.3333,80.64,78,0,6.91
49,Mount Gambier,AU,2022-09-27 23:30:11,-37.8333,140.7667,55.87,68,72,9.13
50,Kyabe,TD,2022-09-27 23:31:14,9.4515,18.9449,70.61,96,100,3.91
51,Bredasdorp,ZA,2022-09-27 23:31:15,-34.5322,20.0403,51.46,91,21,2.71
52,Saint Anthony,US,2022-09-27 23:26:51,45.0205,-93.218,57.81,40,0,11.5
53,Sisimiut,GL,2022-09-27 23:31:16,66.9395,-53.6735,40.82,90,95,5.99
54,Dubbo,AU,2022-09-27 23:31:16,-32.25,148.6167,57.33,58,100,11.5
55,Kokopo,PG,2022-09-27 23:31:17,-4.352,152.2633,83.53,66,94,3.85
56,Kavaratti,IN,2022-09-27 23:31:17,10.5669,72.642,81.23,76,44,14.43
57,Bonwapitse,BW,2022-09-27 23:31:18,-23.0766,26.7037,72.77,39,0,14.94
58,Terrace,CA,2022-09-27 23:31:18,54.5163,-128.6035,67.91,77,75,2.3
59,Hobart,AU,2022-09-27 23:27:52,-42.8794,147.3294,56.26,84,75,5.75
60,Grand Island,US,2022-09-27 23:31:19,40.925,-98.342,78.75,30,0,14.97
61,Puerto Ayora,EC,2022-09-27 23:31:20,-0.7393,-90.3518,66.54,90,78,7.0
62,Basco,PH,2022-09-27 23:31:20,20.4487,121.9702,82.62,78,46,13.22
63,Atuona,PF,2022-09-27 23:31:21,-9.8,-139.0333,77.34,74,3,18.54
64,Lebu,CL,2022-09-27 23:31:21,-37.6167,-73.65,50.94,86,0,15.79
65,Srednekolymsk,RU,2022-09-27 23:31:22,67.45,153.6833,33.6,59,61,12.84
66,Kodiak,US,2022-09-27 23:31:22,57.79,-152.4072,47.71,87,100,6.91
67,East London,ZA,2022-09-27 23:31:23,-33.0153,27.9116,68.56,93,100,23.42
68,Santa Cruz De La Palma,ES,2022-09-27 23:31:24,28.6835,-17.7642,74.14,73,0,10.36
69,Parfino,RU,2022-09-27 23:31:24,57.9731,31.6481,40.5,96,25,5.23
70,Grand Gaube,MU,2022-09-27 23:31:24,-20.0064,57.6608,71.38,59,51,7.0
71,Cape Town,ZA,2022-09-27 23:27:05,-33.9258,18.4232,56.12,83,0,2.3
72,Coahuayana,MX,2022-09-27 23:31:25,18.7333,-103.6833,80.38,88,100,3.06
73,Esperance,AU,2022-09-27 23:31:26,-33.8667,121.9,57.22,64,1,10.71
74,Upernavik,GL,2022-09-27 23:31:26,72.7868,-56.1549,33.69,100,100,4.03
75,Dawlatabad,AF,2022-09-27 23:31:27,36.4141,64.9053,63.05,25,0,2.44
76,Thompson,CA,2022-09-27 23:31:27,55.7435,-97.8558,57.36,51,40,8.05
77,Butaritari,KI,2022-09-27 23:30:19,3.0707,172.7902,81.95,75,63,16.17
78,Gewane,ET,2022-09-27 23:31:28,10.1664,40.6453,82.08,46,54,2.8
79,Waipawa,NZ,2022-09-27 23:31:28,-41.4122,175.5153,59.2,57,81,7.43
80,Sambava,MG,2022-09-27 23:31:29,-14.2667,50.1667,66.58,87,60,10.65
81,Georgetown,MY,2022-09-27 23:30:52,5.4112,100.3354,79.9,89,40,3.44
82,Bengkulu,ID,2022-09-27 23:31:30,-3.8004,102.2655,75.4,88,85,3.67
83,Bud,US,2022-09-27 23:31:31,39.447,-86.1758,62.55,45,13,9.66
84,Port Macquarie,AU,2022-09-27 23:30:03,-31.4333,152.9167,72.9,94,40,4.61
85,Provideniya,RU,2022-09-27 23:31:32,64.3833,-173.3,39.36,81,75,11.18
86,Finote Selam,ET,2022-09-27 23:31:32,10.7,37.2667,54.16,93,38,3.83
87,Torbat-E Jam,IR,2022-09-27 23:31:33,35.244,60.6225,61.99,34,0,9.22
88,Umea,SE,2022-09-27 23:31:34,63.8284,20.2597,46.33,100,0,5.75
89,Norman Wells,CA,2022-09-27 23:31:35,65.282,-126.8329,48.24,61,20,8.05
90,Hithadhoo,MV,2022-09-27 23:31:30,-0.6,73.0833,78.84,81,100,13.96
91,Abu Dhabi,AE,2022-09-27 23:29:24,24.4667,54.3667,87.91,76,20,9.22
92,Valparaiso,CL,2022-09-27 23:28:11,-33.0393,-71.6273,59.47,90,0,10.36
93,Cockburn Town,TC,2022-09-27 23:32:38,21.4612,-71.1419,82.42,81,36,20.22
94,Bambous Virieux,MU,2022-09-27 23:32:38,-20.3428,57.7575,71.22,64,40,11.5
95,Sibu,MY,2022-09-27 23:32:39,2.3,111.8167,73.71,100,40,2.3
96,Barrow,US,2022-09-27 23:31:37,71.2906,-156.7887,32.02,74,75,12.66
97,Uinskoye,RU,2022-09-27 23:32:40,56.8817,56.5813,26.1,91,100,4.36
98,Faanui,PF,2022-09-27 23:31:24,-16.4833,-151.75,78.01,75,3,11.83
99,Lavrentiya,RU,2022-09-27 23:32:40,65.5833,-171.0,39.85,75,97,11.61
100,Silopi,TR,2022-09-27 23:32:41,37.2497,42.4694,70.97,20,0,2.95
101,Vredendal,ZA,2022-09-27 23:32:41,-31.6683,18.5012,53.29,66,63,3.87
102,Vavuniya,LK,2022-09-27 23:32:42,8.7514,80.4971,75.0,89,48,6.58
103,Tshikapa,CD,2022-09-27 23:32:42,-6.4167,20.8,70.11,95,100,4.41
104,Umm Lajj,SA,2022-09-27 23:32:00,25.0213,37.2685,89.4,30,3,6.51
105,Torbay,CA,2022-09-27 23:30:18,47.6666,-52.7314,66.97,90,75,12.66
106,Port Hardy,CA,2022-09-27 23:30:32,50.6996,-127.4199,57.38,88,75,3.44
107,Hays,US,2022-09-27 23:32:43,30.0502,-98.0336,87.94,24,0,7.0
108,Chokurdakh,RU,2022-09-27 23:32:44,70.6333,147.9167,26.22,69,97,9.13
109,Darhan,MN,2022-09-27 23:32:44,49.4867,105.9228,43.38,68,100,2.53
110,Talnakh,RU,2022-09-27 23:31:23,69.4865,88.3972,18.36,82,58,4.5
111,Clyde River,CA,2022-09-27 23:32:45,70.4692,-68.5914,30.43,93,20,6.91
112,Bethel,US,2022-09-27 23:31:25,41.3712,-73.414,61.75,74,0,3.44
113,Bonavista,CA,2022-09-27 23:32:46,48.6499,-53.1147,62.2,90,100,16.6
114,Pacific Grove,US,2022-09-27 23:30:04,36.6177,-121.9166,83.39,79,0,11.01
115,Kaitangata,NZ,2022-09-27 23:32:46,-46.2817,169.8464,60.19,61,36,7.43
116,Pangkalanbuun,ID,2022-09-27 23:32:47,-2.6833,111.6167,77.65,88,100,2.57
117,Saint-Augustin,CA,2022-09-27 23:32:47,51.226,-58.6502,55.06,96,91,2.93
118,Chapais,CA,2022-09-27 23:32:48,49.7834,-74.8492,49.78,88,100,4.34
119,Tiksi,RU,2022-09-27 23:32:49,71.6872,128.8694,32.04,89,100,20.49
120,Saint George,US,2022-09-27 23:32:49,37.1041,-113.5841,90.25,27,0,17.27
121,Dudinka,RU,2022-09-27 23:32:50,69.4058,86.1778,20.5,88,64,6.06
122,Cidreira,BR,2022-09-27 23:32:50,-30.1811,-50.2056,60.46,87,100,10.94
123,Ponta Do Sol,PT,2022-09-27 23:32:51,32.6667,-17.1,70.43,76,95,5.64
124,San Jose,US,2022-09-27 23:31:48,37.3394,-121.895,83.7,58,40,12.66
125,New Norfolk,AU,2022-09-27 23:32:52,-42.7826,147.0587,55.92,84,100,1.14
126,Pocone,BR,2022-09-27 23:32:52,-16.2567,-56.6228,78.82,71,79,3.02
127,Coquimbo,CL,2022-09-27 23:32:53,-29.9533,-71.3436,56.93,82,75,6.91
128,Port Blair,IN,2022-09-27 23:32:54,11.6667,92.75,78.84,89,75,1.14
129,Rogatica,BA,2022-09-27 23:32:54,43.8008,19.0025,47.91,97,30,1.66
130,Makaryev,RU,2022-09-27 23:32:55,57.8797,43.8069,43.11,91,79,13.11
131,Tasiilaq,GL,2022-09-27 23:32:55,65.6145,-37.6368,35.76,99,100,3.0
132,Kirakira,SB,2022-09-27 23:32:56,-10.4544,161.9205,84.09,64,64,8.32
133,Airai,TL,2022-09-27 23:32:56,-8.9266,125.4092,69.03,70,100,0.6
134,Luderitz,NA,2022-09-27 23:32:57,-26.6481,15.1594,56.07,63,1,10.38
135,Pevek,RU,2022-09-27 23:32:57,69.7008,170.3133,29.17,74,63,5.17
136,Hargeysa,SO,2022-09-27 23:32:58,9.56,44.065,73.22,55,32,10.13
137,Yellowknife,CA,2022-09-27 23:33:59,62.456,-114.3525,72.12,43,75,11.5
138,Cranbrook,CA,2022-09-27 23:30:06,49.4999,-115.7688,80.44,22,20,4.61
139,Isiro,CD,2022-09-27 23:33:59,2.7739,27.616,62.78,98,100,1.23
140,Puerto Del Rosario,ES,2022-09-27 23:34:00,28.5004,-13.8627,73.15,78,0,16.11
141,Puruaran,MX,2022-09-27 23:34:01,19.1,-101.5333,71.26,87,87,0.81
142,Yumen,CN,2022-09-27 23:34:01,40.2833,97.2,61.43,25,0,5.21
143,Sabang,ID,2022-09-27 23:34:03,5.8933,95.3214,80.6,75,100,22.59
144,Eugene,US,2022-09-27 23:31:00,44.0521,-123.0867,79.74,54,20,9.22
145,Neryungri,RU,2022-09-27 23:34:04,56.6709,124.6491,28.33,81,95,10.69
146,Peniche,PT,2022-09-27 23:34:05,39.3558,-9.3811,64.29,90,3,20.24
147,Gizo,SB,2022-09-27 23:34:06,-8.103,156.8419,83.19,72,79,12.68
148,Yukhnov,RU,2022-09-27 23:34:07,54.7444,35.2297,46.67,93,100,9.48
149,Digby,CA,2022-09-27 23:34:07,44.6169,-65.7655,63.55,98,28,8.48
150,Hilo,US,2022-09-27 23:34:08,19.7297,-155.09,86.29,77,75,13.8
151,Itarema,BR,2022-09-27 23:34:09,-2.9248,-39.9167,78.35,81,0,16.42
152,Platanos,GR,2022-09-27 23:34:09,37.6667,21.6167,70.09,92,40,1.79
153,San Patricio,US,2022-09-27 23:34:10,28.017,-97.5169,87.75,39,2,12.15
154,Fortuna,US,2022-09-27 23:32:09,40.5982,-124.1573,68.94,71,55,1.99
155,Da Nang,VN,2022-09-27 23:34:11,16.0678,108.2208,76.98,94,100,29.93
156,Alofi,NU,2022-09-27 23:32:47,-19.0595,-169.9187,75.09,83,75,10.36
157,Alta Floresta,BR,2022-09-27 23:34:11,-9.8756,-56.0861,75.52,69,65,2.59
158,Deputatskiy,RU,2022-09-27 23:34:12,69.3,139.9,21.74,96,100,4.23
159,Ostrovnoy,RU,2022-09-27 23:34:12,68.0531,39.5131,38.37,82,100,8.05
160,Beloha,MG,2022-09-27 23:34:13,-25.1667,45.05,66.7,93,0,9.57
161,Jumla,NP,2022-09-27 23:34:14,29.2747,82.1838,50.38,75,0,5.77
162,Waddan,LY,2022-09-27 23:34:15,29.1614,16.139,87.49,21,7,6.2
163,Aklavik,CA,2022-09-27 23:34:16,68.2191,-135.0107,32.38,99,100,16.13
164,Half Moon Bay,US,2022-09-27 23:30:24,37.4636,-122.4286,78.89,71,0,19.57
165,Victoria,HK,2022-09-27 23:32:08,22.2855,114.1577,85.17,77,97,18.01
166,La Asuncion,VE,2022-09-27 23:34:16,11.0333,-63.8628,83.93,79,100,10.36
167,Bac Lieu,VN,2022-09-27 23:30:06,9.285,105.7244,78.42,83,100,14.76
168,Ahipara,NZ,2022-09-27 23:34:17,-35.1667,173.1667,63.79,68,100,12.37
169,Omsukchan,RU,2022-09-27 23:34:18,62.5333,155.8,33.76,73,93,3.51
170,Salinopolis,BR,2022-09-27 23:34:18,-0.6136,-47.3561,80.64,79,38,12.66
171,Shimoda,JP,2022-09-27 23:34:19,34.6667,138.95,73.11,63,10,12.28
172,Nanortalik,GL,2022-09-27 23:34:20,60.1432,-45.2371,43.2,98,98,4.65
173,Roebourne,AU,2022-09-27 23:34:20,-20.7833,117.1333,78.3,27,40,14.25
174,Yatou,CN,2022-09-27 23:34:21,37.15,122.3833,67.15,74,100,2.91
175,Arraial Do Cabo,BR,2022-09-27 23:34:21,-22.9661,-42.0278,70.12,95,96,10.94
176,Lata,PT,2022-09-27 23:34:22,40.1629,-8.3327,62.82,96,20,1.1
177,Laguna,US,2022-09-27 23:34:23,38.421,-121.4238,90.45,30,0,9.22
178,Yuci,CN,2022-09-27 23:34:23,37.6803,112.7319,51.55,82,43,0.0
179,Wewak,PG,2022-09-27 23:34:24,-3.5534,143.6268,82.04,76,100,4.63
180,Soderhamn,SE,2022-09-27 23:34:24,61.3037,17.0592,51.96,94,100,10.16
181,Yershichi,RU,2022-09-27 23:34:25,53.6725,32.7542,47.01,95,100,6.76
182,Broken Hill,AU,2022-09-27 23:35:25,-31.95,141.4333,54.95,68,30,20.22
183,Cherskiy,RU,2022-09-27 23:35:26,68.75,161.3,31.15,57,9,4.09
184,Manoel Urbano,BR,2022-09-27 23:35:26,-8.8389,-69.2597,83.64,48,75,3.8
185,La Union,PE,2022-09-27 23:35:27,-5.4,-80.75,66.81,68,28,19.15
186,Wakkanai,JP,2022-09-27 23:35:27,45.4094,141.6739,66.45,69,99,15.26
187,Usinsk,RU,2022-09-27 23:35:28,65.9939,57.5281,26.67,82,7,8.1
188,Lumsden,CA,2022-09-27 23:35:29,50.6501,-104.8678,70.75,26,95,15.55
189,Kaman,IN,2022-09-27 23:35:29,27.65,77.2667,78.8,69,0,2.13
190,Saint-Philippe,RE,2022-09-27 23:35:30,-21.3585,55.7679,67.59,71,42,9.35
191,Guerrero Negro,MX,2022-09-27 23:34:06,27.9769,-114.0611,81.95,59,7,10.94
192,Yerofey Pavlovich,RU,2022-09-27 23:35:30,53.9667,121.9667,33.37,76,6,2.86
193,Fairview,US,2022-09-27 23:35:31,40.8126,-73.999,66.47,55,0,10.36
194,Portland,US,2022-09-27 23:33:44,45.5234,-122.6762,84.33,49,40,8.01
195,Walvis Bay,NA,2022-09-27 23:35:32,-22.9575,14.5053,55.09,76,55,8.05
196,Oparino,RU,2022-09-27 23:35:33,59.8518,48.2783,29.62,85,81,6.08
197,Kintinku,TZ,2022-09-27 23:35:33,-5.8833,35.2333,69.37,59,24,4.94
198,Labuan,MY,2022-09-27 23:35:34,5.2767,115.2417,77.36,94,20,2.3
199,Katsuura,JP,2022-09-27 23:35:34,35.1333,140.3,73.42,63,55,18.54
200,Ilulissat,GL,2022-09-27 23:35:35,69.2167,-51.1,41.02,93,75,3.44
201,Tigil,RU,2022-09-27 23:35:35,57.8,158.6667,44.67,85,100,6.2
202,Baykit,RU,2022-09-27 23:35:36,61.67,96.37,30.67,83,100,4.43
203,Black River,JM,2022-09-27 23:35:37,18.0264,-77.8487,80.42,84,98,8.05
204,Cody,US,2022-09-27 23:35:37,44.5263,-109.0565,82.9,23,0,10.36
205,Tautira,PF,2022-09-27 23:35:38,-17.7333,-149.15,76.66,80,26,13.98
206,Ancud,CL,2022-09-27 23:35:38,-41.8697,-73.8203,46.17,83,0,4.88
207,Doka,SD,2022-09-27 23:35:39,13.5167,35.7667,73.51,81,68,5.82
208,Williston,US,2022-09-27 23:34:11,48.147,-103.618,72.81,39,42,7.0
209,Whitecourt,CA,2022-09-27 23:35:40,54.1502,-115.6855,79.84,29,20,3.44
210,Arlit,NE,2022-09-27 23:35:40,18.7369,7.3853,95.36,13,67,6.31
211,Deer Lake,CA,2022-09-27 23:35:41,49.1667,-57.4316,64.26,100,100,0.0
212,Olafsvik,IS,2022-09-27 23:35:41,64.8945,-23.7142,45.12,61,99,8.41
213,Saint-Pierre,RE,2022-09-27 23:35:42,-21.3393,55.4781,67.68,56,100,8.05
214,Brae,GB,2022-09-27 23:35:43,60.3964,-1.353,50.72,91,53,11.77
215,Nome,US,2022-09-27 23:31:18,64.5011,-165.4064,46.47,77,100,12.66
216,Pullman,US,2022-09-27 23:35:43,46.7313,-117.1796,90.18,18,20,3.44
217,Port Lincoln,AU,2022-09-27 23:35:44,-34.7333,135.8667,53.58,65,100,11.74
218,Carballo,ES,2022-09-27 23:35:45,43.213,-8.691,62.29,94,89,4.74
219,Pimentel,PE,2022-09-27 23:35:45,-6.8367,-79.9342,62.89,77,0,19.57
220,Salalah,OM,2022-09-27 23:35:46,17.0151,54.0924,80.69,83,75,3.44
221,Kefamenanu,ID,2022-09-27 23:35:46,-9.4467,124.4781,82.85,58,58,2.26
222,Ghanzi,BW,2022-09-27 23:35:47,-21.5667,21.7833,73.11,20,13,14.43
223,Svetlaya,RU,2022-09-27 23:35:47,46.5389,138.3297,61.43,55,0,7.29
224,Touros,BR,2022-09-27 23:35:48,-5.1989,-35.4608,76.57,71,4,18.07
225,Kalavad,IN,2022-09-27 23:36:49,22.2167,70.3833,76.69,82,21,6.11
226,Lanivtsi,UA,2022-09-27 23:36:49,49.8633,26.0908,49.59,91,52,5.53
227,Medicine Hat,CA,2022-09-27 23:34:17,50.0501,-110.6683,84.85,19,75,2.3
228,Bilibino,RU,2022-09-27 23:36:50,68.0546,166.4372,25.47,66,11,2.21
229,Nabire,ID,2022-09-27 23:36:50,-3.3667,135.4833,78.37,85,99,1.79
230,Matagami,CA,2022-09-27 23:36:51,49.7502,-77.6328,46.51,93,100,19.57
231,La Ronge,CA,2022-09-27 23:36:51,55.1001,-105.2842,71.82,32,40,10.36
232,Port Elizabeth,ZA,2022-09-27 23:36:52,-33.918,25.5701,65.32,99,100,19.57
233,Bilma,NE,2022-09-27 23:36:53,18.6853,12.9164,89.33,14,18,5.75
234,Wencheng,CN,2022-09-27 23:36:53,33.0559,113.7978,71.29,58,96,3.02
235,Sitka,US,2022-09-27 23:34:35,57.0531,-135.33,56.62,76,99,2.77
236,Athabasca,CA,2022-09-27 23:36:54,54.7169,-113.2854,75.61,33,10,7.36
237,Constitucion,CL,2022-09-27 23:36:54,-35.3333,-72.4167,52.74,83,0,8.93
238,Imbituba,BR,2022-09-27 23:36:55,-28.24,-48.6703,63.03,84,100,6.67
239,Kahului,US,2022-09-27 23:36:56,20.8947,-156.47,87.82,64,40,28.77
240,Korla,CN,2022-09-27 23:36:56,41.7597,86.1469,66.45,25,0,4.54
241,Jinxiang,CN,2022-09-27 23:36:59,27.4327,120.6062,75.47,88,100,7.7
242,Marsa Matruh,EG,2022-09-27 23:36:59,31.3525,27.2453,75.4,83,0,4.61
243,Cururupu,BR,2022-09-27 23:37:00,-1.8283,-44.8683,75.94,89,35,5.01
244,Ryotsu,JP,2022-09-27 23:37:00,38.0833,138.4333,67.1,78,100,4.85
245,Yuli,NG,2022-09-27 23:37:01,9.6989,10.2744,72.45,97,86,3.58
246,Coihaique,CL,2022-09-27 23:36:54,-45.5752,-72.0662,49.95,57,40,5.75
247,Bereda,ES,2022-09-27 23:37:01,43.2686,-7.5406,60.42,100,96,3.06
248,Albury,AU,2022-09-27 23:37:02,-36.0833,146.9167,54.32,100,100,0.0
249,Mabaruma,GY,2022-09-27 23:37:03,8.2,-59.7833,76.73,91,99,4.32
250,Amga,RU,2022-09-27 23:37:03,60.8953,131.9608,32.09,88,100,7.38
251,Sao Joao Da Barra,BR,2022-09-27 23:37:04,-21.6403,-41.0511,75.29,94,99,11.99
252,Avarua,CK,2022-09-27 23:37:05,-21.2078,-159.775,78.85,89,20,8.05
253,Volchikha,RU,2022-09-27 23:37:05,52.0333,80.3833,42.48,84,100,12.46
254,Shingu,JP,2022-09-27 23:37:06,33.7333,135.9833,73.17,87,95,3.24
255,Darnah,LY,2022-09-27 23:37:06,32.767,22.6367,82.09,45,18,6.76
256,Makakilo City,US,2022-09-27 23:37:07,21.3469,-158.0858,88.12,50,40,14.97
257,The Valley,AI,2022-09-27 23:37:08,18.217,-63.0578,83.1,78,20,11.5
258,San Martin,AR,2022-09-27 23:37:08,-33.081,-68.4681,63.14,65,100,3.83
259,Juneau,US,2022-09-27 23:35:21,58.3019,-134.4197,55.22,94,75,0.0
260,Lorengau,PG,2022-09-27 23:37:09,-2.0226,147.2712,84.65,70,84,12.75
261,Dicabisagan,PH,2022-09-27 23:37:10,17.0818,122.4157,80.92,85,97,1.66
262,Labuhan,ID,2022-09-27 23:37:10,-6.8844,112.2051,79.45,70,33,8.86
263,Keffi,NG,2022-09-27 23:37:11,8.8486,7.8736,71.49,97,94,2.93
264,Cacapava Do Sul,BR,2022-09-27 23:37:12,-30.5122,-53.4914,55.11,80,1,8.34
265,Hualmay,PE,2022-09-27 23:37:12,-11.0964,-77.6139,61.83,81,86,10.83
266,Catemaco,MX,2022-09-27 23:37:13,18.4167,-95.1167,72.91,93,68,6.22
267,Caborca,MX,2022-09-27 23:37:13,30.5838,-111.101,91.56,29,10,4.65
268,Marawi,PH,2022-09-27 23:38:14,7.9986,124.2928,74.84,79,99,0.51
269,Guaratinga,BR,2022-09-27 23:38:15,-16.5667,-39.5667,68.76,90,25,5.44
270,Sokoni,TZ,2022-09-27 23:38:15,-6.4333,39.55,75.06,73,20,11.1
271,Plettenberg Bay,ZA,2022-09-27 23:38:16,-34.0527,23.3716,60.21,92,86,6.38
272,Nargana,PA,2022-09-27 23:38:17,9.4428,-78.5906,81.09,82,82,7.76
273,Khash,IR,2022-09-27 23:38:17,28.2211,61.2158,64.35,26,0,1.23
274,Geraldton,AU,2022-09-27 23:38:18,-28.7667,114.6,52.21,93,0,6.91
275,Khatanga,RU,2022-09-27 23:38:19,71.9667,102.5,16.39,96,97,3.29
276,San Quintin,MX,2022-09-27 23:38:19,30.4833,-115.95,76.32,69,1,11.27
277,Narsaq,GL,2022-09-27 23:38:20,60.9167,-46.05,44.82,94,100,0.78
278,Tonantins,BR,2022-09-27 23:38:20,-2.8731,-67.8022,78.94,76,80,2.98
279,Tuktoyaktuk,CA,2022-09-27 23:38:21,69.4541,-133.0374,32.0,100,100,21.85
280,Iroquois Falls,CA,2022-09-27 23:38:21,48.7669,-80.6831,39.42,97,100,11.52
281,Kishtwar,IN,2022-09-27 23:38:22,33.3167,75.7667,57.2,80,1,3.2
282,Palmer,US,2022-09-27 23:37:32,42.1584,-72.3287,62.46,68,20,8.05
283,Poya,NC,2022-09-27 23:38:23,-21.35,165.15,82.45,59,20,2.39
284,San Simon De La Laguna,MX,2022-09-27 23:38:23,19.3,-100.0833,56.82,82,95,1.45
285,Severo-Kurilsk,RU,2022-09-27 23:38:24,50.6789,156.125,51.48,72,14,18.9
286,Porec,HR,2022-09-27 23:38:24,45.2258,13.5939,59.65,76,45,8.5
287,Yashan,CN,2022-09-27 23:38:25,22.1975,109.9419,78.03,82,96,3.96
288,Barsi,IN,2022-09-27 23:38:25,18.2333,75.7,75.43,78,100,7.18
289,Gat,IL,2022-09-27 23:38:26,31.61,34.7642,78.4,56,0,4.25
290,Noumea,NC,2022-09-27 23:38:26,-22.2763,166.4572,85.98,99,2,6.06
291,Hovd,MN,2022-09-27 23:38:27,48.0056,91.6419,46.38,46,53,9.95
292,Vikhorevka,RU,2022-09-27 23:38:27,56.1201,101.1636,31.59,98,100,3.71
293,Yulara,AU,2022-09-27 23:38:28,-25.2406,130.9889,66.88,30,0,18.99
294,Algiers,DZ,2022-09-27 23:38:29,36.7525,3.042,64.22,72,20,0.0
295,Dulmen,DE,2022-09-27 23:38:29,51.8333,7.3,48.16,86,100,5.46
296,Berlevag,NO,2022-09-27 23:38:30,70.8578,29.0864,48.15,76,100,11.5
297,Nago,JP,2022-09-27 23:38:30,26.5881,127.9761,81.45,79,11,5.53
298,Mount Isa,AU,2022-09-27 23:38:31,-20.7333,139.5,64.17,100,100,6.91
299,Autazes,BR,2022-09-27 23:38:31,-3.5797,-59.1306,86.11,45,88,1.32
300,Beringovskiy,RU,2022-09-27 23:38:32,63.05,179.3167,34.29,76,81,11.92
301,Saskylakh,RU,2022-09-27 23:35:09,71.9167,114.0833,23.09,97,80,5.73
302,Sao Felix Do Xingu,BR,2022-09-27 23:34:06,-6.6447,-51.995,78.06,61,52,1.05
303,Turbat,PK,2022-09-27 23:38:33,26.0023,63.044,77.18,77,5,3.56
304,Smithers,CA,2022-09-27 23:38:33,54.7804,-127.1743,68.32,56,75,6.91
305,Villazon,BO,2022-09-27 23:38:34,-22.0866,-65.5942,49.03,4,0,16.33
306,Henties Bay,NA,2022-09-27 23:38:34,-22.116,14.2845,54.25,87,23,3.89
307,Vieques,PR,2022-09-27 23:38:35,18.425,-65.8329,82.49,83,40,9.22
308,Bayji,IQ,2022-09-27 23:38:35,34.9311,43.487,76.75,16,0,9.17
309,Ornskoldsvik,SE,2022-09-27 23:38:36,63.2909,18.7153,47.35,100,100,5.75
310,Mtsensk,RU,2022-09-27 23:38:37,53.2766,36.5733,50.09,99,100,1.01
311,West Bay,KY,2022-09-27 23:38:37,19.3667,-81.4167,85.06,81,20,9.22
312,Popondetta,PG,2022-09-27 23:38:38,-8.7537,148.2534,90.3,48,59,4.63
313,Hamilton,US,2022-09-27 23:38:38,39.1834,-84.5333,60.04,49,47,1.01
314,Awbari,LY,2022-09-27 23:38:39,26.5921,12.7805,86.25,21,2,8.05
315,Umm Kaddadah,SD,2022-09-27 23:38:39,13.6017,26.6876,86.97,40,0,6.02
316,Westport,US,2022-09-27 23:39:40,41.1415,-73.3579,66.18,70,0,5.75
317,Wanning,CN,2022-09-27 23:39:40,18.8003,110.3967,80.47,88,98,16.02
318,Agadir,MA,2022-09-27 23:39:41,30.4202,-9.5982,66.65,73,7,3.74
319,Chumikan,RU,2022-09-27 23:39:41,54.7183,135.315,38.05,98,100,7.45
320,Caraballeda,VE,2022-09-27 23:39:42,10.6112,-66.8522,84.27,88,40,1.14
321,Ozernovskiy,RU,2022-09-27 23:39:42,51.5,156.5167,49.73,75,80,20.2
322,Vitim,RU,2022-09-27 23:39:43,59.4511,112.5578,29.62,95,91,1.14
323,Mecca,SA,2022-09-27 23:38:45,21.4267,39.8261,85.19,36,4,3.09
324,Skoghall,SE,2022-09-27 23:39:43,59.3232,13.4655,50.56,87,100,6.91
325,Dikson,RU,2022-09-27 23:39:44,73.5069,80.5464,31.87,70,100,6.33
326,Port Hedland,AU,2022-09-27 23:39:45,-20.3167,118.5667,68.05,37,28,0.0
327,Prince Rupert,CA,2022-09-27 23:36:14,54.3161,-130.3201,62.69,89,100,6.91
328,Harper,LR,2022-09-27 23:39:45,4.375,-7.7169,75.29,91,65,7.72
329,Bose,IT,2022-09-27 23:39:46,45.4612,8.0137,54.75,56,7,7.34
330,Broome,US,2022-09-27 23:39:47,42.2506,-75.833,55.6,84,100,4.61
331,Lerwick,GB,2022-09-27 23:39:47,60.1545,-1.1494,50.0,91,51,13.6
332,Pangnirtung,CA,2022-09-27 23:39:48,66.1451,-65.7125,33.93,80,61,3.65
333,Puerto Escondido,MX,2022-09-27 23:39:48,15.85,-97.0667,83.23,57,75,5.75
334,Necochea,AR,2022-09-27 23:39:49,-38.5473,-58.7368,43.03,75,0,3.74
335,Daru,PG,2022-09-27 23:39:49,-9.0763,143.2092,83.68,76,83,10.69
336,Poli,TZ,2022-09-27 23:39:50,-3.3333,36.8,55.67,88,53,5.66
337,Lasa,IT,2022-09-27 23:39:50,46.6166,10.7002,49.08,73,34,2.95
338,Roma,US,2022-09-27 23:39:42,43.2128,-75.4557,54.95,96,100,4.61
339,Teya,RU,2022-09-27 23:39:51,60.3778,92.6267,29.93,90,100,3.13
340,North Platte,US,2022-09-27 23:39:52,41.1239,-100.7654,75.11,31,18,11.01
341,Totskoye,RU,2022-09-27 23:39:52,52.5248,52.7623,48.2,80,100,5.26
342,Cabo San Lucas,MX,2022-09-27 23:39:53,22.8909,-109.9124,90.05,62,0,9.22
343,Finschhafen,PG,2022-09-27 23:39:53,-6.6024,147.8681,84.04,68,100,6.49
344,Senador Guiomard,BR,2022-09-27 23:39:54,-10.1522,-67.7392,91.15,34,68,3.78
345,Yarmouth,US,2022-09-27 23:39:55,41.7057,-70.2286,66.25,72,0,10.36
346,Monte Patria,CL,2022-09-27 23:39:56,-30.6919,-70.9467,62.58,55,84,3.65
347,Pinyug,RU,2022-09-27 23:39:56,60.251,47.7842,33.24,77,99,6.69
348,Evans,US,2022-09-27 23:35:47,33.5337,-82.1307,77.04,43,61,4.76
349,Ordu,TR,2022-09-27 23:39:57,40.9086,37.6845,50.5,40,61,5.5
350,Sur,OM,2022-09-27 23:39:57,22.5667,59.5289,80.1,75,6,10.85
351,Fenoarivo,MG,2022-09-27 23:39:58,-18.933,47.4354,50.07,100,20,4.61
352,Acapulco,MX,2022-09-27 23:39:59,16.8634,-99.8901,84.02,74,75,10.36
353,Hay River,CA,2022-09-27 23:39:59,60.8156,-115.7999,80.58,28,40,13.8
354,Margate,GB,2022-09-27 23:40:00,51.3813,1.3862,50.7,81,48,5.99
355,Nador,MA,2022-09-27 23:40:01,35.174,-2.9287,73.65,43,0,12.66
356,Mahajanga,MG,2022-09-27 23:40:01,-15.7167,46.3167,69.82,56,20,4.61
357,Bathsheba,BB,2022-09-27 23:40:01,13.2167,-59.5167,81.21,95,40,11.5
358,Tilichiki,RU,2022-09-27 23:40:02,60.4667,166.1,38.95,66,100,2.33
359,Bermeo,ES,2022-09-27 23:40:03,43.4209,-2.7215,65.48,86,100,22.44
360,Cabedelo,BR,2022-09-27 23:40:03,-6.9811,-34.8339,75.87,71,4,12.46
361,Barcelos,PT,2022-09-27 23:40:04,41.5388,-8.6151,61.92,87,3,6.33
362,Ustka,PL,2022-09-27 23:40:05,54.5805,16.8619,49.64,90,100,11.7
363,Oranjemund,NA,2022-09-27 23:40:05,-28.55,16.4333,54.16,85,11,7.02
364,Verkhoyansk,RU,2022-09-27 23:40:06,67.5447,133.385,29.32,90,100,3.67
365,Chicama,PE,2022-09-27 23:40:06,-7.8447,-79.1469,59.54,78,37,7.56
366,Souillac,MU,2022-09-27 23:41:07,-20.5167,57.5167,70.18,64,40,11.5
367,Chimbarongo,CL,2022-09-27 23:41:07,-34.7,-71.05,59.88,81,0,2.73
368,Hambantota,LK,2022-09-27 23:41:08,6.1241,81.1185,78.13,85,84,17.0
369,Yuty,PY,2022-09-27 23:41:08,-26.6,-56.25,65.37,90,90,4.59
370,Denpasar,ID,2022-09-27 23:38:54,-8.65,115.2167,78.46,88,40,3.44
371,Namatanai,PG,2022-09-27 23:41:09,-3.6667,152.4333,84.74,64,88,10.74
372,Kalmunai,LK,2022-09-27 23:41:10,7.4167,81.8167,78.12,82,82,5.64
373,San Francisco,US,2022-09-27 23:39:57,37.7749,-122.4194,79.05,74,75,21.0
374,Requena,ES,2022-09-27 23:41:10,39.4883,-1.1004,60.78,50,21,5.75
375,Leh,IN,2022-09-27 23:41:11,34.1667,77.5833,49.89,52,3,4.18
376,Opuwo,NA,2022-09-27 23:41:12,-18.0607,13.84,67.78,22,31,6.58
377,Bograd,RU,2022-09-27 23:41:12,54.2344,90.8328,37.65,86,91,5.37
378,Dosso,NE,2022-09-27 23:41:12,13.049,3.1937,81.52,68,68,7.76
379,Celestun,MX,2022-09-27 23:41:13,20.8667,-90.4,80.78,82,5,13.56
380,Tigzirt,DZ,2022-09-27 23:41:14,36.8886,4.1198,69.28,69,1,9.37
381,Paamiut,GL,2022-09-27 23:41:14,61.994,-49.6678,42.53,95,100,13.4
382,Olenino,RU,2022-09-27 23:41:15,56.2092,33.4889,41.34,86,46,6.51
383,Balabac,PH,2022-09-27 23:41:15,7.9868,117.0645,82.49,75,100,7.43
384,Osa,RU,2022-09-27 23:41:16,57.2829,55.4567,26.91,85,100,4.59
385,Ust-Shonosha,RU,2022-09-27 23:41:16,61.1531,41.343,42.04,94,100,7.81
386,Valleyview,CA,2022-09-27 23:41:17,55.0667,-117.2859,78.84,24,10,6.91
387,Carmen,MX,2022-09-27 23:41:17,18.6333,-91.8333,81.3,77,15,10.38
388,Klaksvik,FO,2022-09-27 23:41:18,62.2266,-6.589,45.52,89,83,20.58
389,Batemans Bay,AU,2022-09-27 23:41:18,-35.7167,150.1833,57.47,94,100,4.21
390,Nivala,FI,2022-09-27 23:41:19,63.9167,24.9667,44.69,87,100,3.2
391,Tiznit,MA,2022-09-27 23:41:19,29.5833,-9.5,66.13,64,62,2.93
392,Pinega,RU,2022-09-27 23:41:20,64.7001,43.3936,32.76,85,99,4.97
393,Baft,IR,2022-09-27 23:41:20,29.234,56.6057,61.05,54,0,4.65
394,Thiers,FR,2022-09-27 23:41:21,45.8333,3.5,61.12,94,99,7.54
395,Mindelo,CV,2022-09-27 23:41:22,16.8901,-24.9804,78.35,73,20,6.91
396,Sao Filipe,CV,2022-09-27 23:39:55,14.8961,-24.4956,78.35,72,34,6.04
397,Camocim,BR,2022-09-27 23:41:23,-2.9022,-40.8411,77.9,79,5,12.24
398,Kruisfontein,ZA,2022-09-27 23:41:24,-34.0033,24.7314,61.88,97,100,1.81
399,Villanueva,HN,2022-09-27 23:41:24,15.3167,-88.0,86.04,66,75,10.36
400,Navashino,RU,2022-09-27 23:41:25,55.5292,42.2003,46.29,95,100,12.71
401,Kozhevnikovo,RU,2022-09-27 23:41:25,56.2589,83.9714,31.24,97,94,4.74
402,Koutsouras,GR,2022-09-27 23:41:26,35.0339,25.9469,75.11,82,100,13.38
403,Marystown,CA,2022-09-27 23:41:27,47.1666,-55.1483,62.26,91,100,14.05
404,Baruun-Urt,MN,2022-09-27 23:41:27,46.6806,113.2792,48.79,50,24,10.92
405,Rorvik,NO,2022-09-27 23:41:28,64.8621,11.2373,53.71,71,20,13.8
406,Jalu,LY,2022-09-27 23:41:29,29.0331,21.5482,83.98,30,0,9.31
407,Alekseyevskaya,RU,2022-09-27 23:41:29,50.2896,42.1845,61.81,76,100,6.69
408,Kashi,CN,2022-09-27 23:41:30,39.4547,75.9797,69.01,22,0,13.42
409,Rawson,AR,2022-09-27 23:41:30,-43.3002,-65.1023,57.15,45,0,3.09
410,Maarianhamina,AX,2022-09-27 23:41:31,60.0973,19.9348,53.46,87,0,6.91
411,Husum,DE,2022-09-27 23:41:31,54.4858,9.0524,46.29,89,99,3.47
412,Bandarban,BD,2022-09-27 23:42:32,22.1965,92.2262,74.66,99,94,1.77
413,Salym,RU,2022-09-27 23:42:32,60.0625,71.4789,26.71,93,91,5.95
414,Anadyr,RU,2022-09-27 23:42:33,64.75,177.4833,36.1,74,0,8.95
415,Victoria Point,AU,2022-09-27 23:42:34,-27.5833,153.3,73.49,75,100,5.01
416,Baoqing,CN,2022-09-27 23:42:34,46.3317,132.2111,65.41,64,3,9.06
417,Anaco,VE,2022-09-27 23:42:35,9.4389,-64.4728,73.65,93,100,9.98
418,Beni,CD,2022-09-27 23:42:35,0.5,29.4667,63.3,99,100,0.87
419,Mitu,CO,2022-09-27 23:42:36,1.1983,-70.1733,74.23,89,89,1.63
420,Eureka,US,2022-09-27 23:37:37,40.8021,-124.1637,74.68,73,66,3.96
421,Beipiao,CN,2022-09-27 23:42:37,41.7919,120.7792,64.78,47,6,5.23
422,Valdemarpils,LV,2022-09-27 23:42:38,57.3707,22.5919,49.91,76,71,9.51
423,Bartica,GY,2022-09-27 23:42:38,6.4,-58.6167,79.12,91,99,2.71
424,Noyabrsk,RU,2022-09-27 23:42:39,63.1994,75.4507,26.76,69,93,10.47
425,Pallisa,UG,2022-09-27 23:42:39,1.145,33.7094,66.54,81,89,2.62
426,Saldanha,ZA,2022-09-27 23:42:40,-33.0117,17.9442,46.45,88,19,7.81
427,Cutervo,PE,2022-09-27 23:42:41,-6.379,-78.8157,53.89,74,61,3.33
428,Pemangkat,ID,2022-09-27 23:42:41,1.1667,108.9667,79.39,83,99,5.61
429,Goderich,CA,2022-09-27 23:42:42,43.7501,-81.7165,55.9,76,100,12.66
430,General Pico,AR,2022-09-27 23:41:12,-35.6566,-63.7568,60.71,33,61,9.66
431,Maceio,BR,2022-09-27 23:41:59,-9.6658,-35.7353,72.84,88,0,4.61
432,Paraiba Do Sul,BR,2022-09-27 23:42:43,-22.1619,-43.2928,73.92,93,99,2.68
433,Tekari,IN,2022-09-27 23:42:44,24.9333,84.8333,77.22,70,85,2.26
434,Ugoofaaru,MV,2022-09-27 23:42:44,5.6667,73.0,82.09,70,57,16.6
435,Tutoia,BR,2022-09-27 23:42:45,-2.7619,-42.2744,79.05,83,17,9.66
436,Kandrian,PG,2022-09-27 23:42:46,-6.2167,149.55,83.34,71,100,3.2
437,Zhanaozen,KZ,2022-09-27 23:42:46,43.3,52.8,64.47,30,82,15.99
438,College,US,2022-09-27 23:39:01,64.8569,-147.8028,41.58,90,100,4.61
439,Qui Nhon,VN,2022-09-27 23:42:47,13.7667,109.2333,80.06,74,100,17.92
440,Hole Narsipur,IN,2022-09-27 23:42:48,12.7828,76.2431,66.94,92,44,5.39
441,Canandaigua,US,2022-09-27 23:42:49,42.8742,-77.288,57.38,84,98,4.0
442,Mayo,US,2022-09-27 23:42:49,38.8876,-76.5119,67.08,60,0,3.44
443,Syracuse,IT,2022-09-27 23:38:00,37.0881,15.2792,65.32,60,0,10.76
444,Coos Bay,US,2022-09-27 23:38:20,43.3665,-124.2179,70.32,86,100,11.5
445,Naze,JP,2022-09-27 23:41:11,28.3667,129.4833,77.92,76,3,5.5
446,Kristiansund,NO,2022-09-27 23:42:50,63.1115,7.732,57.85,47,40,10.36
447,Jati,PK,2022-09-27 23:42:51,24.3539,68.2671,77.4,76,53,8.55
448,Nuuk,GL,2022-09-27 23:38:16,64.1835,-51.7216,41.61,100,75,15.01
449,Cao Bang,VN,2022-09-27 23:42:52,22.6667,106.25,76.64,78,100,4.27
450,Paracuru,BR,2022-09-27 23:42:52,-3.41,-39.0306,80.11,78,0,14.74
451,Alugan,PH,2022-09-27 23:42:53,12.2188,125.4808,82.06,76,100,1.25
452,Hauterive,FR,2022-09-27 23:42:53,46.0901,3.4459,59.76,93,100,10.74
453,Pervomayskiy,RU,2022-09-27 23:42:54,53.2485,40.2871,51.91,98,100,8.61
454,San Policarpo,PH,2022-09-27 23:42:54,12.1791,125.5072,82.06,76,100,1.5
455,Correntina,BR,2022-09-27 23:42:55,-13.3433,-44.6367,78.84,33,0,2.06
456,Husavik,IS,2022-09-27 23:42:56,66.0449,-17.3389,37.9,73,52,4.5
457,Tolaga Bay,NZ,2022-09-27 23:42:56,-38.3667,178.3,61.54,59,71,12.8
458,Winnemucca,US,2022-09-27 23:39:11,40.973,-117.7357,89.65,13,0,10.36
459,Kungurtug,RU,2022-09-27 23:43:58,50.5994,97.5228,39.99,94,100,4.97
460,Oia,PT,2022-09-27 23:43:59,40.5426,-8.5386,64.13,95,3,3.44
461,Arbuzynka,UA,2022-09-27 23:44:00,47.9097,31.3196,56.48,92,76,3.4
462,Terenos,BR,2022-09-27 23:44:00,-20.4422,-54.8603,78.51,73,75,5.75
463,Guano,EC,2022-09-27 23:44:01,-1.5833,-78.6333,47.8,90,79,5.23
464,Petropavlovsk-Kamchatskiy,RU,2022-09-27 23:44:01,53.0452,158.6483,52.39,50,40,13.42
465,Mehamn,NO,2022-09-27 23:44:02,71.0357,27.8492,48.11,87,100,5.75
466,Ust-Nera,RU,2022-09-27 23:44:02,64.5667,143.2,28.2,96,99,5.86
467,Kindu,CD,2022-09-27 23:44:03,-2.95,25.95,67.19,98,100,1.28
468,Novyy Oskol,RU,2022-09-27 23:44:03,50.7631,37.8691,55.02,94,100,9.95
469,Vao,NC,2022-09-27 23:42:23,-22.6667,167.4833,74.28,77,22,12.86
470,Boundiali,CI,2022-09-27 23:44:04,9.5217,-6.4869,71.24,90,88,0.74
471,Biltine,TD,2022-09-27 23:44:04,14.5333,20.9167,78.22,60,96,12.64
472,Towada,JP,2022-09-27 23:44:05,40.6127,141.2067,64.2,79,100,3.65
473,Mareeba,AU,2022-09-27 23:44:05,-17.0,145.4333,80.47,72,12,7.05
474,Ewa Beach,US,2022-09-27 23:44:06,21.3156,-158.0072,89.55,50,40,14.97
475,Mariana,BR,2022-09-27 23:44:07,-20.3778,-43.4161,68.58,89,99,0.78
476,Hastings,GB,2022-09-27 23:44:07,50.8552,0.5729,49.78,90,66,13.13
477,Leningradskiy,RU,2022-09-27 23:44:08,69.3833,178.4167,28.74,85,100,3.27
478,Micheweni,TZ,2022-09-27 23:44:08,-4.9667,39.8333,73.54,81,7,11.07
479,Xichang,CN,2022-09-27 23:44:09,27.8964,102.2634,58.68,95,100,2.75
480,Acarau,BR,2022-09-27 23:44:10,-2.8856,-40.12,78.44,81,0,17.58
481,Santa Maria Del Oro,MX,2022-09-27 23:44:10,25.9333,-105.3667,69.75,54,89,11.45
482,Hobyo,SO,2022-09-27 23:44:11,5.3505,48.5268,77.27,87,15,19.8
483,Uyuni,BO,2022-09-27 23:44:12,-20.4597,-66.825,40.77,14,0,13.91
484,Lagos,NG,2022-09-27 23:44:12,6.5833,3.75,77.32,95,100,3.87
485,Marquette,US,2022-09-27 23:44:13,46.5333,-87.6335,44.33,83,100,12.33
486,Panggulayan,PH,2022-09-27 23:44:13,13.0398,121.4479,79.95,80,100,1.79
487,Koindu,GN,2022-09-27 23:44:14,8.4386,-10.3253,69.15,98,49,1.77
488,Careiro Da Varzea,BR,2022-09-27 23:44:14,-3.2003,-59.8119,88.43,54,81,3.6
489,Praia Da Vitoria,PT,2022-09-27 23:44:15,38.7333,-27.0667,70.05,83,40,13.67
490,Ust-Ishim,RU,2022-09-27 23:44:16,57.6935,71.1665,27.57,94,100,5.77
491,Rae Bareli,IN,2022-09-27 23:44:16,26.2167,81.2333,76.41,78,0,3.91
492,Aasiaat,GL,2022-09-27 23:44:17,68.7098,-52.8699,37.8,97,100,2.66
493,Caravelas,BR,2022-09-27 23:44:17,-17.7125,-39.2481,73.92,86,0,8.95
494,Poum,NC,2022-09-27 23:42:26,-20.2333,164.0167,77.65,77,18,13.51
495,Inta,RU,2022-09-27 23:44:18,66.0317,60.1659,26.19,85,18,5.35
496,Zaraza,VE,2022-09-27 23:44:19,9.3503,-65.3245,75.49,95,98,5.19
497,Hofn,IS,2022-09-27 23:44:19,64.2539,-15.2082,44.71,70,30,4.41
498,Buala,SB,2022-09-27 23:44:20,-8.145,159.5921,84.42,62,98,9.95
499,Blythe,US,2022-09-27 23:44:21,33.6103,-114.5964,106.25,17,75,6.91
500,Mazamari,PE,2022-09-27 23:44:21,-11.3258,-74.5308,77.77,69,96,1.77
501,Tsevie,TG,2022-09-27 23:44:22,6.4261,1.2133,73.78,94,98,5.3
502,Kholm-Zhirkovskiy,RU,2022-09-27 23:44:23,55.5189,33.4731,39.72,93,50,8.05
503,Kharabali,RU,2022-09-27 23:44:23,47.4196,47.2568,59.83,67,97,11.81
504,Rundu,NA,2022-09-27 23:45:24,-17.9333,19.7667,72.82,23,45,6.73
505,Port-Cartier,CA,2022-09-27 23:45:24,50.0334,-66.8654,49.75,98,98,4.0
506,Nhulunbuy,AU,2022-09-27 23:45:25,-12.2333,136.7667,86.61,74,75,10.36
507,Okhotsk,RU,2022-09-27 23:45:25,59.3833,143.3,38.43,85,100,11.41
508,Freeport,US,2022-09-27 23:45:26,40.6576,-73.5832,67.24,55,0,10.36
509,Savona,IT,2022-09-27 23:45:26,44.3,8.2667,60.55,85,92,2.84
510,Novoagansk,RU,2022-09-27 23:45:27,61.9449,76.6625,24.87,91,42,6.69
511,Quatre Cocos,MU,2022-09-27 23:45:27,-20.2078,57.7625,71.1,63,77,13.29
512,Vostochnyy,RU,2022-09-27 23:45:28,55.8167,37.8667,46.67,90,100,11.18
513,Mehran,IR,2022-09-27 23:45:28,33.1222,46.1646,78.42,16,0,6.46
514,Bolotnoye,RU,2022-09-27 23:45:30,55.6717,84.3981,33.37,99,100,6.29
515,Bubaque,GW,2022-09-27 23:45:30,11.2833,-15.8333,80.35,77,89,5.1
516,Niamey,NE,2022-09-27 23:42:51,13.5137,2.1098,84.49,54,0,5.75
517,Wamba,NG,2022-09-27 23:45:31,8.9333,8.6,71.51,95,100,1.95
518,Qaqortoq,GL,2022-09-27 23:45:32,60.7167,-46.0333,43.68,99,99,3.44
519,Fare,PF,2022-09-27 23:45:32,-16.7,-151.0167,78.82,72,17,13.53
520,Novorudnyy,RU,2022-09-27 23:45:33,51.5026,58.1873,39.22,77,67,7.58
521,Morehead,US,2022-09-27 23:45:34,37.2711,-87.1764,64.99,44,0,0.0
522,Lompoc,US,2022-09-27 23:45:35,34.6391,-120.4579,83.01,72,40,14.97
523,Nacala,MZ,2022-09-27 23:45:35,-14.5428,40.6728,70.29,94,5,1.77
524,Nelson Bay,AU,2022-09-27 23:45:35,-32.7167,152.15,65.08,93,16,3.0
525,Marfino,RU,2022-09-27 23:45:36,55.7028,37.3822,46.65,84,100,11.18
526,Les Cayes,HT,2022-09-27 23:45:36,18.2,-73.75,79.72,82,52,3.65
527,Genhe,CN,2022-09-27 23:45:37,50.7833,121.5167,41.07,44,53,1.99
528,Yarkovo,RU,2022-09-27 23:45:37,57.4028,67.0786,22.84,91,62,5.95
529,Ambilobe,MG,2022-09-27 23:43:36,-13.2,49.05,64.65,74,6,4.27
530,Hasaki,JP,2022-09-27 23:45:38,35.7333,140.8333,73.8,63,73,20.98
531,Port-Gentil,GA,2022-09-27 23:42:30,-0.7193,8.7815,76.96,88,75,6.91
532,Lixourion,GR,2022-09-27 23:45:38,38.2019,20.4314,71.04,86,18,5.61
533,Dandong,CN,2022-09-27 23:45:39,40.1292,124.3947,63.05,74,85,1.32
534,Goundam,ML,2022-09-27 23:45:40,16.4145,-3.6708,92.95,35,25,11.97
535,Boa Vista,BR,2022-09-27 23:45:40,2.8197,-60.6733,85.98,58,20,4.61
536,West Lafayette,US,2022-09-27 23:45:40,40.4259,-86.9081,59.29,45,0,9.22
537,Fuxin,CN,2022-09-27 23:45:41,42.0156,121.6589,67.01,64,1,7.02
538,Sorland,NO,2022-09-27 23:45:42,67.667,12.6934,51.66,79,62,11.07
539,Mwense,ZM,2022-09-27 23:45:42,-10.3845,28.698,76.03,31,85,5.88
540,Morondava,MG,2022-09-27 23:45:43,-20.2833,44.2833,72.61,85,0,8.59
541,Norden,DE,2022-09-27 23:45:43,53.6,7.2,48.94,77,100,8.3
542,Cap-Chat,CA,2022-09-27 23:45:43,49.1001,-66.6821,51.8,93,100,3.44
543,Edson,CA,2022-09-27 23:41:40,53.5835,-116.4356,78.94,25,0,2.3
544,Champerico,GT,2022-09-27 23:45:44,14.3,-91.9167,77.54,83,77,2.35
545,Prado,BR,2022-09-27 23:43:43,-17.3411,-39.2208,74.01,86,2,10.96
546,Catalina Foothills,US,2022-09-27 23:45:45,32.2979,-110.9187,96.66,22,0,8.05
547,Fort Nelson,CA,2022-09-27 23:41:39,58.8053,-122.7002,78.39,24,75,11.5
548,Namibe,AO,2022-09-27 23:45:45,-15.1961,12.1522,61.74,84,62,5.19
549,Uribia,CO,2022-09-27 23:45:46,11.7139,-72.266,84.85,73,87,5.12
550,Bouza,NE,2022-09-27 23:45:46,14.4229,6.0428,83.95,59,85,13.29
551,Nevel,RU,2022-09-27 23:45:47,56.0209,29.9284,38.97,96,7,4.76
552,Korem,ET,2022-09-27 23:45:47,12.5058,39.5228,56.73,68,35,1.19
553,Mapimi,MX,2022-09-27 23:46:48,25.8167,-103.85,75.81,42,73,11.52
554,Taltal,CL,2022-09-27 23:46:48,-25.4,-70.4833,58.28,71,15,4.47
555,Helong,CN,2022-09-27 23:46:49,42.5397,128.9972,68.41,53,0,5.48
556,Phek,IN,2022-09-27 23:46:49,25.6667,94.5,56.41,99,88,1.23
557,Hirtshals,DK,2022-09-27 23:46:50,57.5881,9.9592,53.89,86,100,21.32
558,Padang,ID,2022-09-27 23:46:51,-0.9492,100.3543,76.51,86,83,3.4
559,Amahai,ID,2022-09-27 23:46:51,-3.3333,128.9167,82.67,71,83,1.36
560,Kem,RU,2022-09-27 23:46:52,64.9555,34.5793,44.42,90,100,6.55
561,Marzuq,YE,2022-09-27 23:46:52,14.4,46.4667,75.02,34,19,3.06
562,Wajima,JP,2022-09-27 23:46:53,37.4,136.9,65.08,100,75,4.61
